"Id";"Designator";"Footprint";"Quantity";"Designation";"Supplier and ref";
1;"R8,R12,R7,R14,R15,R19,R13,R9";"R_0805_2012Metric_Pad1.20x1.40mm_HandSolder";8;"CRT0805-BY-5001EAS";;;
2;"D5";"TO-247-3_Horizontal_TabDown";1;"UJ3D06560KSD";;;
3;"C20,C18,C22,C19,C21,C23";"C_1206_3216Metric_Pad1.33x1.80mm_HandSolder";6;"885342208021";;;
4;"R5,R2,R3,R4";"C_1210_3225Metric_Pad1.33x2.70mm_HandSolder";4;"RC1210JR-0710RL";;;
5;"C16,C4,C17,C14,C11,C15";"C_1206_3216Metric_Pad1.33x1.80mm_HandSolder";6;"885012208022";;;
6;"C12,C10,C9";"B32672P4105K000";3;"C";;;
7;"C3,C7,C5";"C_1812_4532Metric_Pad1.57x3.40mm_HandSolder";3;"885012210031";;;
8;"D6,D8";"SOD-123";2;"1N5819HW-7-F";;;
9;"C1,C2,C6,C8";"CAPPRD350W52D800H1300";4;"860020474014";;;
10;"J6,J5,J7,J8,J1,J9";"7461057";6;"7461057";;;
11;"D4,D3";"TO-247-3_Horizontal_TabDown";2;"BT155W-1200TQ";;;
12;"D2,D1";"TO-247-2_Horizontal_TabDown";2;"STBR6012WY";;;
13;"PS1";"MGJ2D241503SC";1;"MGJ2D241503SC";;;
14;"IC1";"SOIC127P600X175-8N";1;"MAX4494ASA+";;;
15;"R10,R16,R11,R17";"R_1206_3216Metric_Pad1.30x1.75mm_HandSolder";4;"594-MCA1206MD1004BP5";;;
16;"U4";"SOIC-8_3.9x4.9mm_P1.27mm";1;"TC7662Bx0A";;;
17;"U1";"CB-5_Formed_Leads";1;"ACS770LCB-100U-PFF-T";;;
18;"Q1";"TO-247-3_Horizontal_TabDown";1;"fgh40n60";;;
19;"Z1";"DIOM5226X244N";1;"SMAZ12-TP";;;
20;"T1";"SOP254P1270X665-6N";1;"78601_1JC-R";;;
21;"R1";"R_1206_3216Metric";1;"RC1206FR-0710KL";;;
22;"R6";"R_1206_3216Metric_Pad1.30x1.75mm_HandSolder";1;"RC1206FR-07100RL";;;
23;"U2";"SOIC-8_3.9x4.9mm_P1.27mm";1;"STGAP2SM";;;
24;"Q2";"SOT96P237X111-3N";1;"NTR5198NLT1G";;;
25;"J11";"SAMTEC_EHT-105-01-S-D";1;"EHT-105-01-S-D";;;
