Ref,Val,Package,PosX,PosY,Rot,Side
"C3","470u 860020474014","CAPPRD350W52D800H1300",36.450000,-70.900000,180.000000,top
"C21","330u 860020575013","860020575013",35.000000,-24.000000,90.000000,top
"C26",".1uf 885012208087","C_1206_3216Metric_Pad1.33x1.80mm_HandSolder",39.250000,-42.250000,180.000000,top
"C34","2u2 C3225X7R1H225K250AB","C_1210_3225Metric_Pad1.33x2.70mm_HandSolder",52.900000,-74.100000,-90.000000,top
"C35",".1uf C0603C104K3RECTU","C_0603_1608Metric_Pad1.08x0.95mm_HandSolder",56.237500,-73.300000,0.000000,top
"C43","470u 860020474014","CAPPRD350W52D800H1300",33.300000,-32.750000,90.000000,top
"C44",".1uf 885012208087","C_1206_3216Metric_Pad1.33x1.80mm_HandSolder",47.250000,-39.500000,-90.000000,top
"C45","470u 860020474014","CAPPRD350W52D800H1300",26.500000,-27.950000,90.000000,top
"C50",".1uf C0603C104K3RECTU","C_0603_1608Metric_Pad1.08x0.95mm_HandSolder",56.250000,-71.750000,180.000000,top
"C53","2u2 C3225X7R1H225K250AB","C_1210_3225Metric_Pad1.33x2.70mm_HandSolder",62.500000,-31.500000,180.000000,top
"C54","2u2 C3225X7R1H225K250AB","C_1210_3225Metric_Pad1.33x2.70mm_HandSolder",43.500000,-31.500000,0.000000,top
"C55","1u C1206C105K5RACTU","C_1206_3216Metric_Pad1.33x1.80mm_HandSolder",43.500000,-25.500000,0.000000,top
"C59",".1uf 885012208087","C_1206_3216Metric_Pad1.33x1.80mm_HandSolder",62.500000,-42.000000,0.000000,top
"C60",".1uf 885012208087","C_1206_3216Metric_Pad1.33x1.80mm_HandSolder",56.500000,-38.250000,0.000000,top
"C61","1u C1206C105K5RACTU","C_1206_3216Metric_Pad1.33x1.80mm_HandSolder",62.500000,-25.250000,180.000000,top
"D11","MCL4148","D_MicroMELF",37.250000,-39.500000,-90.000000,top
"D12","MCL4148","D_MicroMELF",50.000000,-38.000000,0.000000,top
"D16","5700100132F","LED_5700100132F",62.534000,-80.980000,90.000000,top
"D17","MCL4148","D_MicroMELF",58.800000,-41.250000,-90.000000,top
"D18","MCL4148","D_MicroMELF",53.000000,-38.750000,90.000000,top
"IC4","CAT4109V-GT2","CAT4109V-GT2",45.855000,-72.500000,-90.000000,top
"IC6","SI4564DY-T1-GE3","SOIC127P600X175-8N",43.250000,-37.250000,90.000000,top
"IC7","SI4564DY-T1-GE3","SOIC127P600X175-8N",50.385000,-33.250000,90.000000,top
"IC8","SI4564DY-T1-GE3","SOIC127P600X175-8N",62.500000,-37.000000,90.000000,top
"IC9","SI4564DY-T1-GE3","SOIC127P600X175-8N",56.000000,-33.250000,90.000000,top
"J1","62201021121","CONN_62201021121_WRE",62.230000,-66.730000,90.000000,top
"J2","EHT-105-01-S-D","SAMTEC_EHT-105-01-S-D",53.000000,-20.000000,0.000000,top
"J3","3-647166-2","36471662",25.770000,-60.420000,0.000000,top
"J4","22-23-2021","PinHeader_1x2_P2.54mm_Drill1.02mm",49.500000,-28.040000,90.000000,top
"J5","22-23-2021","PinHeader_1x2_P2.54mm_Drill1.02mm",56.500000,-28.040000,90.000000,top
"J6","22-23-2021","PinHeader_1x2_P2.54mm_Drill1.02mm",25.000000,-17.750000,-90.000000,top
"J7","3-647166-2","36471662",33.020000,-47.520000,0.000000,top
"J8","3-647166-2","36471662",33.070000,-60.520000,180.000000,top
"J9","3-647166-2","36471662",40.370000,-60.420000,0.000000,top
"J10","3-647166-2","36471662",25.770000,-47.580000,180.000000,top
"L2","4u7 LQM2MPN4R7NG0L","L_Murata_DFE201610P",57.000000,-75.300000,180.000000,top
"R23","1k MCU0805MD1051BP500","R_0805_2012Metric_Pad1.20x1.40mm_HandSolder",39.250000,-39.000000,-90.000000,top
"R24","1k MCU0805MD1051BP500","R_0805_2012Metric_Pad1.20x1.40mm_HandSolder",50.250000,-40.000000,0.000000,top
"R28","15R CRCW121015R0JNEAHP","R_1210_3225Metric_Pad1.30x2.65mm_HandSolder",43.500000,-28.250000,0.000000,top
"R30","1k MCU0805MD1051BP500","R_0805_2012Metric_Pad1.20x1.40mm_HandSolder",57.000000,-41.250000,-90.000000,top
"R31","1k MCU0805MD1051BP500","R_0805_2012Metric_Pad1.20x1.40mm_HandSolder",54.000000,-41.250000,0.000000,top
"R32","15R CRCW121015R0JNEAHP","R_1210_3225Metric_Pad1.30x2.65mm_HandSolder",62.500000,-28.250000,180.000000,top
"SW1","SW_SPDT","B12JV",24.260000,-82.000000,0.000000,top
"U1","STM32G474CBTx","LQFP-48_7x7mm_P0.5mm",55.500000,-65.250000,0.000000,top
"U3","CSTNE8M00G550000R0","CSTNE16M0V530000R0",48.250000,-64.750000,90.000000,top
"U4","IF-D95T  << must be T","IF-D95",47.787500,-87.967500,180.000000,top
"U5","IF-E96E","IF-E96E",58.092500,-87.967500,180.000000,top
"U6","IF-D95T  << must be T","IF-D95",37.187500,-87.967500,180.000000,top
"U8","UCC21520DW","SOIC-16W_7.5x10.3mm_P1.27mm",47.595000,-48.250000,90.000000,top
"U9","UCC21520DW","SOIC-16W_7.5x10.3mm_P1.27mm",59.075000,-49.650000,90.000000,top
